{
  "feature_cols": [
    "cpu_percent",
    "cpu_freq_mhz",
    "ram_percent",
    "loadavg_1m",
    "disk_read_Bps",
    "disk_write_Bps",
    "net_tx_Bps",
    "net_rx_Bps",
    "disk_read_bytes_total",
    "disk_write_bytes_total",
    "net_tx_bytes_total",
    "net_rx_bytes_total",
    "ping_rtt_ms",
    "ping_jitter_ms",
    "ping_loss_pct"
  ],
  "mean": [
    13.337533076923075,
    1684.575663923077,
    13.864896923076923,
    0.5086929461538462,
    3416.3369553076927,
    24618183.146588158,
    377.3898335384615,
    794.6518188461538,
    9035050301.376986,
    364342339883.2286,
    23240482.667438462,
    2749650160.6911845,
    605.0651554384616,
    1.3165412307692308,
    60.37894007692308
  ],
  "scale": [
    31.83593530718897,
    1406.0342765155033,
    7.5037918366540985,
    0.8065282244206747,
    419566.87263672415,
    50620082.790928155,
    621.1325736395065,
    1404.1292724664768,
    9264384620.888557,
    444153550143.50323,
    7218304.6442823885,
    2026010876.4690413,
    482.7569456601652,
    4.718586316567709,
    48.66057412260924
  ]
}